{
  "hash": "507bbe7e",
  "configHash": "614b9392",
  "lockfileHash": "d8a37f47",
  "browserHash": "786a323c",
  "optimized": {
    "@angular/common": {
      "src": "../../../../../node_modules/@angular/common/fesm2022/common.mjs",
      "file": "@angular_common.js",
      "fileHash": "b2c4fc80",
      "needsInterop": false
    },
    "@angular/core": {
      "src": "../../../../../node_modules/@angular/core/fesm2022/core.mjs",
      "file": "@angular_core.js",
      "fileHash": "a12f5e42",
      "needsInterop": false
    },
    "@angular/forms": {
      "src": "../../../../../node_modules/@angular/forms/fesm2022/forms.mjs",
      "file": "@angular_forms.js",
      "fileHash": "8fca5730",
      "needsInterop": false
    },
    "@angular/platform-browser": {
      "src": "../../../../../node_modules/@angular/platform-browser/fesm2022/platform-browser.mjs",
      "file": "@angular_platform-browser.js",
      "fileHash": "8d896638",
      "needsInterop": false
    },
    "@angular/router": {
      "src": "../../../../../node_modules/@angular/router/fesm2022/router.mjs",
      "file": "@angular_router.js",
      "fileHash": "839f6732",
      "needsInterop": false
    }
  },
  "chunks": {
    "chunk-XSR3ZWI4": {
      "file": "chunk-XSR3ZWI4.js"
    },
    "chunk-PDERP6EP": {
      "file": "chunk-PDERP6EP.js"
    },
    "chunk-LMD6HBRU": {
      "file": "chunk-LMD6HBRU.js"
    }
  }
}